{
    "0,0": [
        -0.03340262686899982,
        -1.8990537717670555,
        "outside"
    ],
    "0,1": [
        -0.20302798740782427,
        -1.9776030807158955,
        "outside"
    ],
    "0,2": [
        -0.36306975796723995,
        -2.0414284595717818,
        "outside"
    ],
    "0,3": [
        -0.4434305931321056,
        -2.0880874247814876,
        "outside"
    ],
    "0,4": [
        -0.6542758733417863,
        -2.162889922938829,
        "outside"
    ],
    "0,5": [
        -0.7569284047545353,
        -2.223637214091795,
        "outside"
    ],
    "0,6": [
        -0.87768059665729,
        -2.2792858768932125,
        "outside"
    ],
    "0,7": [
        -0.9492394375804325,
        -2.3220055460753675,
        "outside"
    ],
    "0,8": [
        -1.011970663022347,
        -2.3629102441284373,
        "outside"
    ],
    "0,9": [
        -1.3589919909367838,
        -2.407060148278607,
        "outside"
    ],
    "1,0": [
        0.02062180730658741,
        -1.8593164686522434,
        "outside"
    ],
    "1,1": [
        -0.3580402122715338,
        -2.0179147034770932,
        "outside"
    ],
    "1,2": [
        -0.39460977957259075,
        -2.04309772858704,
        "outside"
    ],
    "1,3": [
        -0.5519424257188806,
        -2.1173688138954425,
        "outside"
    ],
    "1,4": [
        -0.7484073568907946,
        -2.2016383150309697,
        "outside"
    ],
    "1,5": [
        -0.8758492823188311,
        -2.2629613621980567,
        "outside"
    ],
    "1,6": [
        -0.9815620996203964,
        -2.311677773357846,
        "outside"
    ],
    "1,7": [
        -1.046046489716464,
        -2.348367620164632,
        "outside"
    ],
    "1,8": [
        -1.1082411842058772,
        -2.3898755852525526,
        "outside"
    ],
    "1,9": [
        -1.150062781588582,
        -2.4268008260378795,
        "outside"
    ],
    "2,0": [
        0.0005920439930010492,
        -1.861047625492346,
        "outside"
    ],
    "2,1": [
        -0.41653752729718424,
        -2.040873524752501,
        "outside"
    ],
    "2,2": [
        -0.38965098455854613,
        -2.0104958442917735,
        "outside"
    ],
    "2,3": [
        -0.49114306929226886,
        -2.0873897713829184,
        "outside"
    ],
    "2,4": [
        -0.8752919738265429,
        -2.2260236313240287,
        "outside"
    ],
    "2,5": [
        -1.0188720804169131,
        -2.2989717613739695,
        "outside"
    ],
    "2,6": [
        -1.0933652296758472,
        -2.3464982778401584,
        "outside"
    ],
    "2,7": [
        -1.145230271498267,
        -2.3741939084552475,
        "outside"
    ],
    "2,8": [
        -1.211188069777826,
        -2.424815345455245,
        "outside"
    ],
    "2,9": [
        -1.246211919766036,
        -2.456255380788098,
        "outside"
    ],
    "3,0": [
        0.15686891420388502,
        -1.7895807456308677,
        "outside"
    ],
    "3,1": [
        -0.6046035586351004,
        -2.1040359693773403,
        "outside"
    ],
    "3,2": [
        -0.4364793845226579,
        -2.0353246525677484,
        "outside"
    ],
    "3,3": [
        -0.6151424581806053,
        -2.101612949366276,
        "outside"
    ],
    "3,4": [
        -0.9985411519900804,
        -2.2731376808173143,
        "outside"
    ],
    "3,5": [
        -1.1589463770266546,
        -2.343544371182549,
        "outside"
    ],
    "3,6": [
        -1.2086756148146591,
        -2.3604372951977726,
        "outside"
    ],
    "3,7": [
        -1.2946098063175044,
        -2.417591653372197,
        "outside"
    ],
    "3,8": [
        -1.2955825281661753,
        -2.4508828395968965,
        "outside"
    ],
    "3,9": [
        -1.35082954185869,
        -2.491807724430622,
        "outside"
    ],
    "4,0": [
        0.028041732808428622,
        -1.8353194119507976,
        "outside"
    ],
    "4,1": [
        -0.30647643642995825,
        -1.9810894777618904,
        "outside"
    ],
    "4,2": [
        -0.9560233541159341,
        -2.225037422690018,
        "outside"
    ],
    "4,3": [
        -0.9984502010511469,
        -2.242543508276228,
        "outside"
    ],
    "4,4": [
        -1.069644632683229,
        -2.291568559330399,
        "outside"
    ],
    "4,5": [
        -1.3528915090781306,
        -2.393860670818366,
        "outside"
    ],
    "4,6": [
        -1.3891045248147722,
        -2.4215999415117477,
        "outside"
    ],
    "4,7": [
        -1.4290639477438192,
        -2.449898451091789,
        "outside"
    ],
    "4,8": [
        -1.4462702558916167,
        -2.4998752487526574,
        "outside"
    ],
    "4,9": [
        -1.4574663428095744,
        -2.5273101858956055,
        "outside"
    ],
    "5,0": [
        0.26703753928891966,
        -1.7159174184738546,
        "outside"
    ],
    "5,1": [
        -0.2625125226664898,
        -1.949657005789386,
        "outside"
    ],
    "5,2": [
        -0.6327936984327023,
        -2.1087036234018917,
        "outside"
    ],
    "5,3": [
        -1.2468269282702258,
        -2.277428319966196,
        "outside"
    ],
    "5,4": [
        -1.3776732162539689,
        -2.33173326599046,
        "outside"
    ],
    "5,5": [
        -1.4946403290714103,
        -2.3852103630091586,
        "outside"
    ],
    "5,6": [
        -1.549732998269214,
        -2.459734633727461,
        "outside"
    ],
    "5,7": [
        -1.5718150274387044,
        -2.503806857620099,
        "outside"
    ],
    "5,8": [
        -1.5564400948677017,
        -2.530828071466245,
        "outside"
    ],
    "5,9": [
        -1.556715247667318,
        -2.5623249410508437,
        "outside"
    ],
    "6,0": [
        0.006452114704890558,
        -1.832340872277593,
        "outside"
    ],
    "6,1": [
        -0.17925146644063591,
        -1.9176548851753055,
        "outside"
    ],
    "6,2": [
        -0.87652519113894,
        -2.1628977602585016,
        "outside"
    ],
    "6,3": [
        -1.0892874537329063,
        -2.2513152920728565,
        "outside"
    ],
    "6,4": [
        -1.7306813136133596,
        -2.4060650809002593,
        "outside"
    ],
    "6,5": [
        -1.7101262953429577,
        -2.4389672561467965,
        "outside"
    ],
    "6,6": [
        -1.7437518142856478,
        -2.5142793702404083,
        "outside"
    ],
    "6,7": [
        -1.6831851482976996,
        -2.5283307742576153,
        "outside"
    ],
    "6,8": [
        -1.683364999178611,
        -2.5783989116794634,
        "outside"
    ],
    "6,9": [
        -1.6729320094837572,
        0.9755120293575998,
        "outside"
    ],
    "7,0": [
        0.07997339483867509,
        -1.7922671941757728,
        "outside"
    ],
    "7,1": [
        -0.47922108054747586,
        -2.004124944140414,
        "outside"
    ],
    "7,2": [
        -0.49936001296735877,
        -2.0799506303250324,
        "outside"
    ],
    "7,3": [
        -1.5164455247073856,
        -2.321521166847678,
        "outside"
    ],
    "7,4": [
        -2.218202931929966,
        -2.300182797809963,
        "outside"
    ],
    "7,5": [
        -2.0868542666058665,
        -2.3776285772318135,
        "outside"
    ],
    "7,6": [
        -1.9067052499268158,
        -2.560377116919896,
        "outside"
    ],
    "7,7": [
        -1.8072116243116803,
        -2.5660536242703866,
        "outside"
    ],
    "7,8": [
        -1.7804904364842937,
        0.9377050301503239,
        "outside"
    ],
    "7,9": [
        -1.7780519657667553,
        0.9107318483121699,
        "outside"
    ],
    "8,0": [
        0.05504571723208202,
        -1.794034004577597,
        "outside"
    ],
    "8,1": [
        -0.5817656148626354,
        -2.1199712311029617,
        "outside"
    ],
    "8,2": [
        -2.3676008050499644,
        -2.3375128093568094,
        "outside"
    ],