{
    "0,0": [
        -15.775198870722607,
        14.539670884270201
    ],
    "0,1": [
        -18.98540693782767,
        14.37935512157675
    ],
    "0,2": [
        -9.03743828554523,
        4.183878373360172
    ],
    "0,3": [
        -19.305789972711512,
        14.237434765034001
    ],
    "0,4": [
        -19.481552321888852,
        22.97882367991399
    ],
    "0,5": [
        -13.351097675927852,
        35.46876897829309
    ],
    "0,6": [
        -21.11338634578678,
        29.1296490828396
    ],
    "0,7": [
        -21.046451705383802,
        39.409034120745126
    ],
    "0,8": [
        -20.974951254218777,
        29.072406641872767
    ],
    "0,9": [
        -2.3731889995947566,
        -4.599175994155068
    ],
    "1,0": [
        -14.083987028272594,
        13.886452199726094
    ],
    "1,1": [
        3.223546376915623,
        33.31569708224752
    ],
    "1,2": [
        -15.399984624590898,
        14.398286162673031
    ],
    "1,3": [
        -19.41025288737514,
        14.182322472525666
    ],
    "1,4": [
        -33.983066767062446,
        39.45302230645549
    ],
    "1,5": [
        -19.655376155911885,
        29.187087249285742
    ],
    "1,6": [
        -21.205997161674073,
        22.870286782567646
    ],
    "1,7": [
        -19.899856926195522,
        45.3270186537041
    ],
    "1,8": [
        -21.063853320462524,
        29.08812974772943
    ],
    "1,9": [
        -19.999911055740768,
        28.988754923083317
    ],
    "2,0": [
        -17.23617342104541,
        14.712787708451657
    ],
    "2,1": [
        -15.569370396715017,
        14.443391846401317
    ],
    "2,2": [
        -15.438612182450976,
        14.392982797413856
    ],
    "2,3": [
        -13.41342768807875,
        32.87470911125401
    ],
    "2,4": [
        -13.335580061971237,
        29.21278036714484
    ],
    "2,5": [
        -2.525005602363314,
        4.079527732332912
    ],
    "2,6": [
        -13.642433732589113,
        16.517663882946273
    ],
    "2,7": [
        -13.724018458467333,
        45.276053584157175
    ],
    "2,8": [
        -20.712025735081657,
        7.937164258359261
    ],
    "2,9": [
        -7.519005859129381,
        28.9622497357324
    ],
    "3,0": [
        -9.43204773592614,
        23.210669829963752
    ],
    "3,1": [
        -16.908333096736072,
        14.792474891596987
    ],
    "3,2": [
        -7.87637593632678,
        26.448561785127715
    ],
    "3,3": [
        -20.04561490919593,
        32.72790183552733
    ],
    "3,4": [
        -20.067751634463008,
        -2.3198133312210065
    ],
    "3,5": [
        -15.143722324765537,
        33.1351504500848
    ],
    "3,6": [
        -13.815701806785274,
        38.968645064290065
    ],
    "3,7": [
        -20.160840710839373,
        32.630551598968964
    ],
    "3,8": [
        -20.165034185094168,
        32.61264906909877
    ],
    "3,9": [
        -15.605942268414926,
        29.049478281092583
    ],
    "4,0": [
        -15.705847597494337,
        14.485137019822421
    ],
    "4,1": [
        -35.347438611258845,
        2.0408352606672597
    ],
    "4,2": [
        -8.243934990998646,
        32.547611024750616
    ],
    "4,3": [
        -9.099052142238703,
        29.339323867805298
    ],
    "4,4": [
        -15.290696546266197,
        14.310144266197595
    ],
    "4,5": [
        -9.212973599413282,
        33.1210159421248
    ],
    "4,6": [
        -7.665084229286708,
        28.995548296136818
    ],
    "4,7": [
        -13.956538681507535,
        28.9754100643708
    ],
    "4,8": [
        -26.572622093847556,
        45.11616505218508
    ],
    "4,9": [
        -20.300540377548696,
        26.243110849779672
    ],
    "5,0": [
        -16.53104243461032,
        14.781316172910635
    ],
    "5,1": [
        -9.132556672416888,
        26.44236806846051
    ],
    "5,2": [
        -15.820363864371451,
        14.672213917396677
    ],
    "5,3": [
        3.7919738334127606,
        35.63563052879411
    ],
    "5,4": [
        -26.39627016622958,
        -8.55439582145495
    ],
    "5,5": [
        -7.837576383840894,
        57.70105891502425
    ],
    "5,6": [
        -7.840558720195949,
        26.25138106478843
    ],
    "5,7": [
        -7.855566308363073,
        38.77594538331533
    ],
    "5,8": [
        -20.392294968980824,
        35.17328426172016
    ],
    "5,9": [
        -14.132112585281414,
        28.852549554085257
    ],
    "6,0": [
        -2.608744302240623,
        27.02575078768488
    ],
    "6,1": [
        -8.821650826453007,
        29.356134361797555
    ],
    "6,2": [
        -3.4668960608932635,
        29.84387356973121
    ],
    "6,3": [
        -2.2508801144758093,
        29.362176314049083
    ],
    "6,4": [
        -8.12844067179672,
        32.55696814702964
    ],
    "6,5": [
        -28.596616704060438,
        -4.636111240787877
    ],
    "6,6": [
        -8.108359822330046,
        33.01935288904225
    ],
    "6,7": [
        -1.6752061644706533,
        45.02759518109948
    ],
    "6,8": [
        -7.993899055991184,
        35.13386840845719
    ],
    "6,9": [
        -9.758092633540938,
        32.902343156425985
    ],
    "7,0": [
        -2.406347995647349,
        27.008230204688903
    ],
    "7,1": [
        -9.574379829635955,
        -4.553367546813909
    ],
    "7,2": [
        -3.3537671928737667,
        29.76792217896432
    ],
    "7,3": [
        -3.0812017992122707,
        29.68116471101662
    ],
    "7,4": [
        -3.6537538464446375,
        29.31408775283782
    ],
    "7,5": [
        -3.6275962018868615,
        29.257560543782496
    ],
    "7,6": [
        4.408312184525601,
        32.387515009775434
    ],
    "7,7": [
        -8.091408751627062,
        26.07942261296259
    ],
    "7,8": [
        -1.8039291790953187,
        35.090813095800414
    ],
    "7,9": [
        -8.067542515996806,
        32.324167995533884
    ],
    "8,0": [
        -13.656710011121747,
        32.82158943571821
    ],
    "8,1": [
        -9.148209235147325,
        41.60685797665657
    ],
    "8,2": [
        -8.708045096782488,
        7.44930651138599
    ],
    "8,3": [
        -2.8830158450258265,
        26.72167625019683
    ],
    "8,4": [
        -1.8897763739654072,
        16.752322999353677
    ],
    "8,5": [
        -8.411603264422261,
        28.88004529177783
    ],
    "8,6": [
        -5.370473213423588,
        27.202747987447346
    ],
    "8,7": [
        -1.5746464715152508,
        29.14310075235297
    ],
    "8,8": [
        -14.488289149291289,
        13.409765326581871
    ],
    "8,9": [
        -27.01864672531296,
        -5.446919867305582
    ],
    "9,0": [
        -15.506310956706463,
        26.25158178244996
    ],
    "9,1": [
        -2.9106508996707747,
        26.67622628782156
    ],
    "9,2": [
        -9.295602520176333,
        33.07751196354947
    ],
    "9,3": [
        4.382366898179394,
        23.101839273285407
    ],
    "9,4": [
        -1.8097538825368358,
        23.038507890064505
    ],
    "9,5": [
        -33.64265769422069,
        -2.6062967687125083
    ],
    "9,6": [
        -20.99879315312425,
        -5.498232438177273
    ],
    "9,7": [
        -14.644081459497665,
        13.358073184016583
    ],
    "9,8": [
        -13.999295814792244,
        13.97626528377747
    ],
    "9,9": [
        -14.557634129536138,
        13.330410555376568
    ]
}